Actual,Predicted,Default_Probability,Risk
0,0,0.01390942510972884,Low default risk
1,0,0.2473006155304601,Low default risk
0,0,0.38942679670099684,Low default risk
0,0,0.14306234224976705,Low default risk
0,0,0.055161046135606843,Low default risk
0,0,0.3214066345684146,Low default risk
0,0,0.07835984713706601,Low default risk
1,0,0.3494927531554274,Low default risk
0,0,0.30212487902539337,Low default risk
0,0,0.06098964058522975,Low default risk
1,0,0.13967472880480067,Low default risk
0,0,0.024311925868019123,Low default risk
0,0,0.256417545574669,Low default risk
0,0,0.2783264058078356,Low default risk
0,0,0.08145399799709681,Low default risk
0,0,0.023475203242582638,Low default risk
0,0,0.007852732968619172,Low default risk
0,1,0.5961790014712823,High default risk
0,0,0.09522849949185185,Low default risk
0,0,0.23303078502991562,Low default risk
1,1,0.7165335313089451,High default risk
0,1,0.8781893923608908,High default risk
0,0,0.0932519187018533,Low default risk
0,1,0.7642632467496736,High default risk
0,0,0.11455866871151711,Low default risk
0,0,0.1614092751641013,Low default risk
1,1,0.8855771962452089,High default risk
0,0,0.00845614273283786,Low default risk
0,0,0.036517506025399105,Low default risk
0,0,0.11272039134074123,Low default risk
0,0,0.010676944403047941,Low default risk
1,0,0.05096798794440407,Low default risk
0,0,0.03857459275839983,Low default risk
1,1,0.641293370777046,High default risk
1,0,0.39174855097367195,Low default risk
1,1,0.852840347210463,High default risk
0,0,0.0030321849153373565,Low default risk
0,0,0.04786395907703517,Low default risk
1,0,0.453310001139758,Low default risk
0,0,0.028753709304168325,Low default risk
0,0,0.012662089954462637,Low default risk
1,1,0.5094236147652615,High default risk
1,0,0.12401065050369756,Low default risk
0,0,0.19305372512759403,Low default risk
1,0,0.3764056629464232,Low default risk
1,1,0.7325381394809997,High default risk
1,1,0.8623115515142254,High default risk
1,0,0.14517578541500353,Low default risk
0,1,0.573498029144084,High default risk
0,0,0.39637673668435164,Low default risk
0,0,0.0003877155903050373,Low default risk
0,0,0.05658027770234126,Low default risk
0,0,0.011962013039135713,Low default risk
1,0,0.392869909969255,Low default risk
1,1,0.9660432355362837,High default risk
0,0,0.1623101935520763,Low default risk
0,0,0.008058561963007596,Low default risk
0,0,0.05931364903534981,Low default risk
1,0,0.2830468684664116,Low default risk
1,0,0.1660672520988299,Low default risk
0,0,0.24272323262021497,Low default risk
1,0,0.17333984600471752,Low default risk
1,0,0.2942961632351601,Low default risk
0,0,0.023491882547101425,Low default risk
0,0,0.3890602217906096,Low default risk
0,0,0.03897132904754265,Low default risk
0,1,0.6917294283198537,High default risk
0,0,0.045900711753912304,Low default risk
1,0,0.2978012486080263,Low default risk
1,1,0.5692746596143339,High default risk
0,0,0.17603570996369272,Low default risk
0,0,0.2081432143643049,Low default risk
0,0,0.11606618555731787,Low default risk
0,1,0.5409848178371095,High default risk
0,0,0.03461241776480176,Low default risk
0,0,0.05816040940414085,Low default risk
1,0,0.36951419072737096,Low default risk
0,0,0.42909720741661495,Low default risk
0,0,0.009939270181143352,Low default risk
0,0,0.03431224090596214,Low default risk
1,0,0.009079810384329914,Low default risk
0,0,0.18069749482901834,Low default risk
0,1,0.5487897933871838,High default risk
0,1,0.9187119842988273,High default risk
0,0,0.1650980402832476,Low default risk
0,0,0.1456698328612274,Low default risk
0,0,0.15435638329543325,Low default risk
1,1,0.772791551731044,High default risk
0,0,0.016177829597737836,Low default risk
0,0,0.4615080258522805,Low default risk
0,0,0.0038138188257394938,Low default risk
0,0,0.19392055399903782,Low default risk
1,0,0.4548551592115987,Low default risk
1,0,0.4537748684469269,Low default risk
0,0,0.21321379306449828,Low default risk
0,0,0.14291979362020557,Low default risk
0,0,0.08012733262572527,Low default risk
0,0,0.001632808732564803,Low default risk
0,0,0.02142362172344999,Low default risk
0,0,0.062066370126963886,Low default risk
0,0,0.366985993741189,Low default risk
1,0,0.09393060594980268,Low default risk
1,1,0.9069043173071054,High default risk
1,1,0.5623401362729176,High default risk
1,0,0.09719301072265679,Low default risk
0,0,0.009026171950163564,Low default risk
0,0,0.02396492837622673,Low default risk
0,0,0.08081395350648711,Low default risk
0,0,0.2859029752343806,Low default risk
0,0,0.4083263960448105,Low default risk
0,1,0.9081052335830692,High default risk
0,0,0.1457918227518357,Low default risk
1,0,0.04690781303190378,Low default risk
0,1,0.7648144214951003,High default risk
0,0,0.0167256505753923,Low default risk
1,0,0.045938858934647636,Low default risk
0,0,0.014946709332493053,Low default risk
0,0,0.03894192107642075,Low default risk
1,1,0.848369466705305,High default risk
1,0,0.07155264577815362,Low default risk
0,0,0.06260381714949233,Low default risk
1,1,0.8448269842940818,High default risk
0,0,0.24205452994029805,Low default risk
0,0,0.0708780051919468,Low default risk
0,0,0.24014514340341359,Low default risk
0,0,0.036708991609324955,Low default risk
0,0,0.04393484196210536,Low default risk
0,0,0.27175104588265636,Low default risk
0,0,0.01315670569362886,Low default risk
1,1,0.9390269995319496,High default risk
1,1,0.5602421908146935,High default risk
0,0,0.15147590228705402,Low default risk
0,0,0.048989998019689465,Low default risk
1,0,0.01044813517999548,Low default risk
0,0,0.027784894898595265,Low default risk
0,0,0.03805296660729214,Low default risk
0,0,0.08803276229607804,Low default risk
0,0,0.039190200399736905,Low default risk
0,0,0.009296564518565443,Low default risk
0,0,0.035314422034502704,Low default risk
1,1,0.9343104858367581,High default risk
0,0,0.21047063542947506,Low default risk
0,0,0.09820019365928825,Low default risk
0,0,0.059895087160747415,Low default risk
0,0,0.03957886963029999,Low default risk
1,0,0.291112723944428,Low default risk
1,1,0.5913090862767921,High default risk
0,0,0.07908316043149732,Low default risk
0,0,0.01544219017987353,Low default risk
1,0,0.47511227522561783,Low default risk
0,0,0.05832901933655239,Low default risk
0,1,0.7248657810092286,High default risk
0,0,0.06928410213513338,Low default risk
0,0,0.10986993792002397,Low default risk
0,0,0.3616090664261197,Low default risk
1,0,0.09001963199410797,Low default risk
0,0,0.39573699491868336,Low default risk
0,0,0.19873991426903767,Low default risk
1,0,0.06991493703142283,Low default risk
0,0,0.2819608049309728,Low default risk
1,0,0.2987783691634036,Low default risk
1,0,0.15735655318221906,Low default risk
0,0,0.2534435201002648,Low default risk
0,1,0.5410695563410843,High default risk
1,1,0.6437335511618872,High default risk
1,1,0.8048933695405253,High default risk
0,0,0.014265523771220626,Low default risk
0,0,0.2528129958773844,Low default risk
1,0,0.0819822815200146,Low default risk
0,0,0.0357935049183066,Low default risk
1,1,0.9290601295112868,High default risk
0,0,0.004564290439709686,Low default risk
0,0,0.008388497506883929,Low default risk
0,0,0.11434371175771173,Low default risk
0,0,0.09234482893368272,Low default risk
0,0,0.07370035081058196,Low default risk
0,0,0.07915141140235352,Low default risk
0,0,0.08877265615990271,Low default risk
0,0,0.1122831066015008,Low default risk
0,1,0.9813455951776084,High default risk
0,0,0.18526675954810204,Low default risk
0,0,0.010097826500437253,Low default risk
1,0,0.23727797667461714,Low default risk
0,0,0.01580578646267655,Low default risk
1,1,0.8603598114021469,High default risk
0,0,0.1448125090666622,Low default risk
1,0,0.034864188192514724,Low default risk
0,0,0.029714216570664632,Low default risk
0,0,0.09165469730545117,Low default risk
1,1,0.7945660305173126,High default risk
0,0,0.30692155947209016,Low default risk
0,0,0.03367474216627027,Low default risk
1,0,0.0498788707791651,Low default risk
0,1,0.658409637766913,High default risk
0,0,0.16396843276760897,Low default risk
0,0,0.33968710751451925,Low default risk
0,0,0.008542871761264273,Low default risk
0,0,0.06558210133169123,Low default risk
0,1,0.6490582469678465,High default risk
0,0,0.32528977079970944,Low default risk
0,0,0.005509872240583216,Low default risk
1,0,0.06826542820328643,Low default risk
0,0,0.013992018001646572,Low default risk
0,0,0.014555413345033743,Low default risk
0,0,0.17124000857076224,Low default risk
0,0,0.037623374022172355,Low default risk
0,0,0.44487703659906197,Low default risk
0,0,0.03237434645428316,Low default risk
1,0,0.2304380272549683,Low default risk
0,0,0.3716960475356497,Low default risk
0,0,0.07119623020778988,Low default risk
0,0,0.06574027116781324,Low default risk
0,0,0.0443596353248627,Low default risk
0,0,0.014088826186809126,Low default risk
0,0,0.22126352383333361,Low default risk
0,0,0.05995791689243623,Low default risk
0,0,0.11567209848547248,Low default risk
0,0,0.018440322553308828,Low default risk
0,0,0.015702983981693515,Low default risk
0,0,0.408414928978194,Low default risk
1,1,0.6278861815390379,High default risk
1,1,0.8948668238015057,High default risk
0,0,0.027361467642648154,Low default risk
1,1,0.7607395572292537,High default risk
0,0,0.19959993777742932,Low default risk
0,0,0.11042744422265055,Low default risk
0,1,0.7479694392712616,High default risk
0,0,0.04550907909110527,Low default risk
0,0,0.02247241879579002,Low default risk
0,0,0.3785130024865153,Low default risk
0,0,0.06115647502890561,Low default risk
0,0,0.027799975796972177,Low default risk
0,0,0.18434729658843377,Low default risk
0,0,0.020596300447789172,Low default risk
0,0,0.09413259543935837,Low default risk
0,1,0.5279442207033999,High default risk
0,0,0.4107858703214,Low default risk
1,1,0.9712725514589559,High default risk
0,0,0.029008539814732056,Low default risk
0,0,0.018347398398396157,Low default risk

# Metrics
Accuracy,Precision,Recall,F1,AUC,CV_Mean,CV_Std
0.775,0.6136,0.4219,0.5,0.7688,0.7531,0.029
