Age,MonthlyIncome,YearsAtCompany,TotalWorkingYears,DistanceFromHome,JobSatisfaction,WorkLifeBalance,OverTime,NumCompaniesWorked,TrainingTimesLastYear,Actual,Predicted,AttritionProb
51,53354,16,29,12,3,1,0,2,2,0,0,0.0337
42,78269,6,15,13,4,4,0,2,5,0,0,0.0
27,64944,0,0,5,1,3,0,1,2,0,0,0.2002
43,52585,7,23,11,2,3,0,5,4,0,0,0.0631
55,52283,5,33,20,3,2,1,1,2,0,0,0.0002
34,58271,10,10,8,1,4,1,3,2,1,1,0.6239
24,45222,0,0,24,4,1,0,1,4,0,0,0.0001
39,56721,0,20,1,3,1,0,2,2,0,0,0.0001
41,19943,0,17,6,3,3,1,1,2,0,0,0.1271
41,111924,0,18,11,1,4,1,1,3,0,0,0.1963
22,81595,0,0,12,3,4,1,1,5,0,0,0.0008
29,58580,7,7,14,3,1,0,1,1,0,0,0.0111
20,52843,0,0,25,1,1,1,0,0,1,0,0.0043
25,55233,2,2,3,4,3,0,1,4,0,0,0.0006
30,84995,3,3,2,3,4,1,1,4,1,0,0.001
55,72003,5,31,21,3,3,0,2,2,0,0,0.0348
49,93016,12,20,18,4,3,1,4,5,0,0,0.0
30,100106,4,4,10,1,2,0,2,2,0,1,0.5876
44,87230,13,17,31,3,1,0,2,0,0,0,0.0
31,45139,6,6,11,2,2,0,1,3,0,0,0.1993
58,86596,11,36,17,4,4,1,0,1,0,0,0.0
25,22623,0,0,1,4,3,0,0,1,0,0,0.0005
36,67800,11,11,1,2,1,0,1,3,1,0,0.0
33,47043,0,12,23,3,4,0,2,1,0,0,0.0012
34,68216,10,11,20,4,1,0,0,1,0,0,0.0
43,73104,3,17,12,3,1,0,0,3,0,0,0.0019
29,35947,3,3,22,4,4,0,3,0,0,0,0.0
28,60158,0,2,16,1,4,0,1,2,0,0,0.4429
53,66906,0,32,11,3,3,0,4,3,0,0,0.0
42,103217,0,17,8,4,3,0,2,5,0,0,0.0
20,40512,0,0,12,1,2,0,1,4,0,1,0.8207
39,66568,0,21,20,4,1,1,6,2,0,0,0.0002
52,51609,6,31,1,4,4,0,2,2,1,0,0.0
38,51518,0,20,16,2,1,1,2,0,1,0,0.0396
44,103307,7,19,15,1,1,1,0,1,1,0,0.0011
37,93224,0,15,12,2,2,1,1,3,0,0,0.0275
27,96898,0,0,21,3,1,0,4,1,0,0,0.0
20,53868,0,0,12,2,4,0,2,1,1,0,0.022
45,73251,8,23,20,4,1,0,1,4,0,0,0.0003
41,30699,12,18,7,4,3,1,2,3,0,1,0.9896
26,38711,0,0,16,1,3,0,2,3,1,0,0.3474
37,70869,1,22,17,2,2,0,3,1,1,1,0.8177
34,41961,9,9,14,3,4,0,3,1,0,0,0.0
31,76639,2,2,24,1,3,0,2,0,0,0,0.0064
33,28708,0,5,23,4,2,0,1,3,0,0,0.0001
36,39443,3,14,9,2,1,0,1,2,0,0,0.0119
44,67847,14,21,19,2,4,0,1,0,0,0,0.0
38,41410,0,18,21,4,4,0,1,3,0,0,0.0195
40,78771,0,15,1,2,1,0,3,2,0,0,0.0
40,29585,1,23,8,4,1,1,1,2,0,0,0.0051
