Age,MonthlyIncome,YearsAtCompany,TotalWorkingYears,DistanceFromHome,JobSatisfaction,WorkLifeBalance,OverTime,NumCompaniesWorked,TrainingTimesLastYear,Attrition
38,50793,6,20,11,2,2,No,1,6,Yes
26,68538,4,6,6,2,4,No,2,2,No
42,103217,0,17,8,4,3,No,2,5,No
44,35328,16,17,17,3,1,Yes,1,1,No
20,53868,0,0,12,2,4,No,2,1,Yes
24,79433,0,0,14,2,4,Yes,1,2,No
37,70869,1,22,17,2,2,No,3,1,Yes
33,50596,10,12,9,3,3,No,1,2,No
35,56654,9,11,18,2,2,Yes,0,6,No
28,25627,7,7,15,3,3,No,0,6,No
43,54045,12,16,2,2,4,Yes,2,2,No
43,53340,9,20,23,2,4,Yes,3,1,No
36,65804,9,14,7,4,1,Yes,3,4,No
46,46116,9,23,1,2,4,No,3,5,No
40,71788,7,20,3,1,2,Yes,3,4,Yes
28,85317,0,7,3,2,3,No,2,3,Yes
39,63885,6,19,12,3,4,Yes,0,3,No
27,68793,2,2,9,1,2,No,0,4,No
43,61328,0,23,9,2,2,No,0,1,Yes
35,60002,14,17,16,1,2,No,0,3,No
34,41961,9,9,14,3,4,No,3,1,No
29,67912,4,4,14,3,2,No,1,4,Yes
47,57567,7,29,15,4,2,No,1,3,No
34,112329,11,11,16,2,2,No,1,4,Yes
32,99333,6,14,1,4,1,No,2,2,No
32,69646,7,8,9,1,2,No,1,4,Yes
40,40923,0,22,1,4,1,No,4,5,No
39,32189,7,17,12,3,1,No,1,1,No
39,89778,6,17,11,4,3,Yes,1,2,No
39,66568,0,21,20,4,1,Yes,6,2,No
55,72003,5,31,21,3,3,No,2,2,No
32,16385,5,7,13,2,4,No,5,3,Yes
31,83185,7,7,7,3,3,No,1,6,No
28,71360,7,7,15,4,2,No,2,4,No
41,32239,6,14,7,4,1,No,2,3,Yes
46,48211,7,25,11,4,4,No,1,2,No
34,66592,6,10,19,1,4,Yes,0,2,Yes
28,61311,4,9,7,3,3,Yes,2,2,No
28,52695,0,0,18,1,1,No,2,4,No
41,57412,5,16,17,3,1,No,1,2,No
42,53700,2,14,4,4,2,No,1,5,No
40,63814,0,15,19,1,1,No,0,0,No
30,96787,8,8,17,3,4,No,0,1,No
38,15000,7,15,12,4,1,Yes,1,1,No
37,54078,0,14,5,4,2,No,1,5,No
37,64412,5,14,5,2,4,Yes,2,3,Yes
43,67399,10,21,7,1,4,No,0,1,No
38,50702,11,12,16,4,1,No,2,1,No
42,16081,11,22,4,4,2,Yes,0,2,Yes
36,68199,6,15,15,3,3,No,2,4,No
38,103183,1,17,2,4,3,Yes,0,1,No
41,21653,0,20,10,1,4,Yes,4,1,Yes
22,81595,0,0,12,3,4,Yes,1,5,No
33,51786,7,17,31,1,4,Yes,1,1,No
31,58466,8,8,1,4,1,No,0,2,No
30,33677,7,7,23,3,1,No,2,5,No
33,51638,5,8,13,4,3,No,2,2,No
49,92501,0,23,15,3,1,No,3,6,No
28,74566,2,2,12,1,2,Yes,2,2,Yes
44,103307,7,19,15,1,1,Yes,0,1,Yes
20,89435,0,0,10,2,4,No,1,1,No
32,70977,3,11,23,3,1,Yes,1,4,No
37,103598,7,15,8,1,1,No,2,2,No
41,70974,3,16,21,4,1,Yes,1,4,No
42,80699,2,22,6,1,1,No,2,6,No
43,52585,7,23,11,2,3,No,5,4,No
32,61663,3,9,3,1,2,Yes,3,2,Yes
31,42564,7,7,15,2,4,Yes,1,2,Yes
43,84739,7,22,23,2,2,No,1,2,Yes
34,30542,0,12,11,1,3,Yes,3,3,Yes
24,79558,0,0,10,3,3,No,2,3,No
25,55233,2,2,3,4,3,No,1,4,No
27,89281,0,5,10,4,4,Yes,0,2,No
40,78771,0,15,1,2,1,No,3,2,No
37,105516,0,15,4,4,3,No,3,4,No
42,78269,6,15,13,4,4,No,2,5,No
32,20698,6,14,22,4,4,No,2,4,No
37,58326,5,18,34,2,3,Yes,0,4,No
41,30699,12,18,7,4,3,Yes,2,3,No
33,47043,0,12,23,3,4,No,2,1,No
40,97780,7,10,13,1,3,No,2,4,No
30,75938,4,4,10,2,4,Yes,4,3,No
32,42526,0,9,15,3,1,Yes,2,1,No
32,34657,4,6,12,1,2,No,0,2,No
25,60819,2,5,12,2,1,No,1,2,Yes
40,29585,1,23,8,4,1,Yes,1,2,No
31,43221,4,5,1,1,2,No,1,2,No
36,67800,11,11,1,2,1,No,1,3,Yes
40,88882,15,18,17,1,2,No,0,3,No
40,75219,4,22,9,3,2,Yes,2,2,Yes
41,15000,15,15,7,1,3,Yes,0,1,No
35,67609,6,13,12,4,4,No,0,3,No
32,61800,14,15,18,1,4,No,1,6,Yes
35,70347,5,8,13,4,2,No,2,1,No
20,100405,0,0,6,4,2,No,2,5,No
22,15000,0,0,21,4,4,No,1,2,No
24,45222,0,0,24,4,1,No,1,4,No
27,74772,7,7,15,1,3,No,2,1,No
39,20460,2,17,19,4,2,No,2,1,No
27,96898,0,0,21,3,1,No,4,1,No
32,69208,4,11,21,4,3,Yes,2,5,No
47,81164,3,23,16,4,2,No,2,0,No
32,45726,10,13,16,3,1,No,2,5,No
42,80344,6,18,16,2,3,Yes,2,4,No
27,86711,3,3,3,1,1,No,0,1,No
34,65821,6,13,17,1,3,Yes,0,1,No
27,65860,7,7,1,2,1,Yes,2,2,Yes
32,66758,8,11,5,4,2,No,0,0,No
43,38416,0,15,22,3,4,Yes,2,2,No
20,56311,0,0,18,2,1,No,2,0,Yes
39,56186,1,13,23,1,4,No,2,3,No
38,69584,0,16,9,3,3,No,2,3,No
30,84995,3,3,2,3,4,Yes,1,4,Yes
22,33536,1,1,10,4,1,Yes,1,3,Yes
36,56874,2,11,12,3,3,Yes,1,5,No
31,97036,5,5,12,3,4,Yes,1,1,No
38,41410,0,18,21,4,4,No,1,3,No
36,39443,3,14,9,2,1,No,1,2,No
50,65057,3,26,14,4,4,Yes,2,0,No
33,81109,5,15,4,2,1,No,2,3,No
26,60285,2,2,15,1,3,No,2,5,No
37,93224,0,15,12,2,2,Yes,1,3,No
37,81419,9,15,6,1,3,Yes,1,1,No
48,81045,6,24,10,1,3,No,0,1,No
43,73852,0,22,10,4,1,No,6,3,No
39,118191,0,15,9,4,3,Yes,0,2,No
49,54870,5,25,26,1,4,No,2,1,No
25,15000,4,7,11,4,2,No,1,1,No
30,100106,4,4,10,1,2,No,2,2,No
27,48557,0,0,1,2,4,Yes,0,1,Yes
32,62697,7,14,4,3,1,Yes,1,3,No
23,92738,8,8,9,2,2,No,0,0,No
41,19943,0,17,6,3,3,Yes,1,2,No
33,28708,0,5,23,4,2,No,1,3,No
22,19968,0,0,10,1,4,No,1,3,Yes
26,40146,3,3,22,1,2,Yes,0,4,No
38,70990,12,15,12,4,4,No,0,4,No
43,73104,3,17,12,3,1,No,0,3,No
53,66906,0,32,11,3,3,No,4,3,No
60,24680,0,38,12,2,3,No,2,2,No
39,15000,1,12,25,2,1,No,4,2,Yes
27,61358,3,7,1,3,1,No,2,2,No
20,48205,3,4,1,3,3,No,2,4,No
38,71484,6,16,7,1,3,No,1,2,No
28,77548,4,4,12,3,3,No,4,4,No
32,63456,9,9,17,3,1,Yes,1,1,No
30,79003,2,9,15,1,3,Yes,0,3,No
34,65730,1,6,8,2,4,Yes,1,2,No
45,73251,8,23,20,4,1,No,1,4,No
37,42383,0,13,20,3,2,No,2,2,No
34,55509,7,17,13,1,2,No,1,1,Yes
26,64919,3,3,19,1,4,No,1,0,No
20,80513,3,3,14,3,2,No,1,4,No
31,50156,5,5,7,2,2,No,0,3,No
35,73029,2,14,17,4,3,Yes,1,2,Yes
51,53354,16,29,12,3,1,No,2,2,No
37,57061,4,12,12,4,4,No,4,6,No
44,80737,0,22,23,1,4,No,1,1,Yes
31,15000,6,12,1,2,3,Yes,2,1,Yes
25,27588,0,2,1,1,3,No,1,1,No
27,22945,0,0,2,3,3,No,2,2,No
29,15000,6,6,9,1,4,No,2,4,No
55,43043,8,30,9,2,4,No,1,2,No
28,78735,2,4,1,2,2,No,1,2,No
43,52877,10,20,4,1,2,No,2,3,No
27,64944,0,0,5,1,3,No,1,2,No
44,87230,13,17,31,3,1,No,2,0,No
39,93192,8,18,26,4,4,No,0,5,No
34,58271,10,10,8,1,4,Yes,3,2,Yes
35,93839,0,5,9,2,3,No,1,1,Yes
30,62303,4,10,2,1,2,No,0,3,No
40,39065,1,18,1,4,2,Yes,3,1,No
31,45139,6,6,11,2,2,No,1,3,No
24,22986,0,0,4,4,3,No,0,1,No
24,37796,4,4,11,1,4,No,2,1,Yes
37,51049,15,16,1,1,3,No,0,3,No
50,80089,5,35,5,3,4,Yes,0,2,No
37,103019,8,16,13,3,4,No,1,6,No
34,25445,4,13,14,4,3,Yes,1,3,Yes
38,69820,6,15,15,4,2,No,3,5,No
47,33986,6,27,1,4,3,No,1,1,No
37,71867,8,16,18,3,2,No,1,2,No
32,56722,11,13,5,2,3,Yes,0,3,No
45,15000,14,21,17,2,4,Yes,1,2,Yes
39,83207,7,15,11,1,2,No,1,0,No
49,44874,8,25,1,2,3,No,1,6,No
37,46652,0,17,9,2,1,No,1,1,No
24,33256,5,6,14,1,3,Yes,2,1,No
23,43642,0,0,16,1,2,Yes,4,3,Yes
50,70697,10,26,10,3,2,No,0,6,No
51,55268,7,29,24,2,3,Yes,3,0,No
34,68216,10,11,20,4,1,No,0,1,No
32,69048,8,12,9,2,3,No,1,1,No
49,93016,12,20,18,4,3,Yes,4,5,No
26,51430,1,1,27,3,2,No,4,2,No
27,23078,2,2,27,1,1,Yes,1,2,Yes
41,86680,7,12,2,1,2,No,3,4,No
32,51712,0,7,4,3,1,No,2,2,No
35,87864,7,10,23,3,2,No,0,1,No
34,69584,0,11,3,2,3,Yes,2,2,No
39,56721,0,20,1,3,1,No,2,2,No
48,68719,8,25,8,4,3,No,1,4,No
36,108775,8,10,15,2,1,Yes,1,0,No
41,111924,0,18,11,1,4,Yes,1,3,No
20,61734,1,1,6,2,3,Yes,0,3,Yes
35,64004,10,10,6,4,2,No,4,1,No
28,86906,3,3,6,4,3,No,1,5,No
25,38858,4,4,4,4,1,No,2,0,Yes
28,68326,5,5,30,4,1,No,2,2,No
32,59353,8,11,14,1,4,No,1,1,No
44,67847,14,21,19,2,4,No,1,0,No
24,39165,4,4,8,1,1,No,0,0,No
36,20260,0,10,10,1,2,No,3,4,No
31,15000,5,8,6,4,1,Yes,0,3,No
33,32065,5,10,1,4,2,No,1,1,No
45,48533,0,19,1,1,2,No,2,6,No
40,52670,4,13,1,3,2,Yes,0,2,No
48,108430,2,28,1,3,3,No,2,3,No
34,87649,10,10,2,1,1,Yes,2,1,Yes
29,35947,3,3,22,4,4,No,3,0,No
33,68692,4,10,11,4,3,No,1,3,No
38,49823,5,19,22,3,4,No,0,1,No
37,52890,7,8,15,3,1,Yes,0,4,No
26,64633,0,0,18,2,3,Yes,1,1,No
36,75479,1,11,4,4,4,Yes,1,6,No
38,51518,0,20,16,2,1,Yes,2,0,Yes
58,86596,11,36,17,4,4,Yes,0,1,No
52,31451,3,32,7,1,2,Yes,0,4,No
28,60158,0,2,16,1,4,No,1,2,No
33,124941,7,7,16,4,2,Yes,2,2,No
22,65576,1,1,7,2,4,Yes,3,3,No
30,95830,0,8,3,2,1,No,1,3,No
38,62288,7,17,2,4,2,No,3,2,No
46,74519,9,23,12,1,2,No,1,1,Yes
29,58580,7,7,14,3,1,No,1,1,No
30,55739,8,8,5,2,2,No,1,3,No
20,40512,0,0,12,1,2,No,1,4,No
34,70757,7,14,16,4,1,No,1,4,No
26,38711,0,0,16,1,3,No,2,3,Yes
31,76639,2,2,24,1,3,No,2,0,No
28,87132,9,9,22,3,4,Yes,0,1,No
35,69163,13,16,3,4,3,No,0,2,No
20,52843,0,0,25,1,1,Yes,0,0,Yes
22,71349,0,0,7,3,1,No,2,1,No
55,52283,5,33,20,3,2,Yes,1,2,No
24,83388,4,4,12,4,2,Yes,2,3,No
26,15000,9,9,8,1,1,Yes,0,6,Yes
52,51609,6,31,1,4,4,No,2,2,Yes
60,15000,6,36,10,3,3,Yes,0,1,No
25,22623,0,0,1,4,3,No,0,1,No
